,Positives,N,PositiveRate
crossmatch500_n100,304,304,1.0
crossmatch500_n150,304,304,1.0
crossmatch500_n50,243,304,0.7993421052631579
mean_p,186,304,0.6118421052631579
crossmatch1000_n50,14,304,0.046052631578947366
crossmatch1000_n100,9,304,0.029605263157894735
crossmatch1000_n150,8,304,0.02631578947368421
