Sample_Size,Method,Rejected,Failed_to_Reject,Total,Mean_p_value
50,Crossmatch (500/500),243,61,304,0.05420506394773374
50,Crossmatch (all 1000),14,290,304,0.5631682590758579
100,Crossmatch (500/500),304,0,304,0.00030147596889394017
100,Crossmatch (all 1000),9,295,304,0.5683412513427455
150,Crossmatch (500/500),304,0,304,1.9886823386882942e-08
150,Crossmatch (all 1000),8,296,304,0.5667629954388959
N/A,Permutation/Mean Test,186,118,304,0.16019736842105264
